"city","code","title","url","pages"
"北海道札幌市",11002,"札幌市　認可保育所等入所案内","https://kosodate.city.sapporo.jp/material/files/group/1/2309_nyusyoannai.pdf",8
"北海道七飯町",13374,"令和6年度保育所・認定こども園（保育所部分）・地域型保育施設 2、3号認定利用申込案内","https://www.town.nanae.hokkaido.jp/hotnews/files/00013900/00013967/20231027094306.pdf",8
"青森県青森市",22012,"令和6年度　青森市教育・保育施設等利用案内","https://www.city.aomori.aomori.jp/kosodate-shien/kodomo-kyouiku/hoiku-shisetsu/r6hoikusyo/documents/01riyouannnai.pdf",46
"岩手県盛岡市",32018,"令和6年度保育施設入園申込案内","https://www.city.morioka.iwate.jp/_res/projects/default_project/_page_/001/043/943/R6mousikomiannnai.pdf",16
"秋田県秋田市",52019,"令和6年度教育・保育施設入所案内（2号・3号認定）","https://www.city.akita.lg.jp/_res/projects/default_project/_page_/001/040/033/r6nyuusyoannnai.pdf",17
"宮城県仙台市",41009,"令和6年度保育施設等利用案内","https://www.city.sendai.jp/nintechosa/kurashi/kenkotofukushi/kosodate/hoikujo/annai/documents/r6riyouannnai.pdf",24
"宮城県名取市",42072,"令和6年度保育所入所のしおり ","https://www.city.natori.miyagi.jp/bunya/life/node_31353/node_31581/node_83336/node_102994#:~:text=%E3%81%AE%E3%81%97%E3%81%8A%E3%82%8A-,%E4%BB%A4%E5%92%8C6%E5%B9%B4%E5%BA%A6%E4%BF%9D%E8%82%B2%E6%89%80%E5%85%A5%E6%89%80%E3%81%AE%E3%81%97%E3%81%8A%E3%82%8A,-2.08%20MB",29
"宮城県大崎市",42153,"令和6年度保育施設等入所のご案内","https://www.city.osaki.miyagi.jp/material/files/group/14/231004.pdf",35
"山形県山形市",62014,"令和6年度保育所等利用案内","https://www.city.yamagata-yamagata.lg.jp/_res/projects/default_project/_page_/001/012/096/r6riyouannnai.pdf",4
"福島県福島市",72010,"令和6年度保育施設利用案内","https://www.city.fukushima.fukushima.jp/youho-nintei/kosodate/kosodate/hoikuen/documents/riyouannai.pdf",30
"福島県南相馬市",72125,"令和6年度保育施設入園申込のご案内","https://www.city.minamisoma.lg.jp/material/files/group/42/hoikusisetunyuenmousikomiR6.pdf",22
"茨城県水戸市",82015,"幼稚園・認定こども園・保育所・地域型保育利用の御案内（令和6年度）","https://www.city.mito.lg.jp/uploaded/attachment/35418.pdf",51
"茨城県牛久市",82198,"令和6（2024）年度牛久市保育施設入園のご案内資料","https://www.city.ushiku.lg.jp/data/doc/1698730489_doc_316_0.pdf",22
"茨城県つくば市",82201,"令和6年度(2024年度版)保育所入所のご案内","https://www.city.tsukuba.lg.jp/material/files/group/65/R6goannai.pdf",30
"栃木県宇都宮市",92011,"令和6年度教育・保育施設等入所のご案内 ","https://www.city.utsunomiya.tochigi.jp/_res/projects/default_project/_page_/001/033/208/nyuusyonogoannnai20230929.pdf",45
"群馬県前橋市",102016,"令和6年度保育関係施設入所の手引き","https://www.city.maebashi.gunma.jp/material/files/group/187/r6_nyusyotebiki.pdf",39
"埼玉県さいたま市",111007,"令和6年度保育施設利用のてびき","https://www.saitama-kosodate.jp/shiritai/category8/2014110500013/files/R6tebiki1.pdf
https://www.saitama-kosodate.jp/shiritai/category8/2014110500013/files/R6tebiki2.pdf
https://www.saitama-kosodate.jp/shiritai/category8/2014110500013/files/R6tebiki3.pdf
https://www.saitama-kosodate.jp/shiritai/category8/2014110500013/files/R6tebiki4.pdf
https://www.saitama-kosodate.jp/shiritai/category8/2014110500013/files/R6tebiki5.pdf
https://www.saitama-kosodate.jp/shiritai/category8/2014110500013/files/R6tebiki6.pdf
https://www.saitama-kosodate.jp/shiritai/category8/2014110500013/files/R6tebiki7.pdf",0
"埼玉県川越市",112011,"令和6年度保育園等入園申し込みの手引き","https://www.city.kawagoe.saitama.jp/kosodatekyoiku/azukeru/hoiku/hoiku_uketsuke.files/R6tebiki.pdf",32
"埼玉県川口市",112038,"保育施設利用のてびき - 川口市","https://www.city.kawaguchi.lg.jp/material/files/group/79/01_R6_AllData.pdf",122
"埼玉県狭山市",112151,"入所のしおり[令和6年度用]","https://www.city.sayama.saitama.jp/kosodate/homeciao/azukeru/hoikusho/shinseiR06.files/R6nyuusyonosiori.pdf",29
"埼玉県朝霞市",112275,"令和6年度　幼稚園・認定こども園・保育園等のご案内 ","https://www.city.asaka.lg.jp/uploaded/attachment/89590.pdf
https://www.city.asaka.lg.jp/uploaded/attachment/89591.pdf
",0
"埼玉県志木市",112283,"令和6年度保育施設利用案内 ","https://www.city.shiki.lg.jp/uploaded/attachment/11481.pdf",35
"埼玉県和光市",112291,"令和6年度利用案内","https://www.city.wako.lg.jp/var/rev0/0140/0534/1231114161620.pdf",71
"埼玉県新座市",112305,"令和6年度保育施設利用申込みのご案内","https://www.city.niiza.lg.jp/uploaded/attachment/57767.pdf",45
"埼玉県富士見市",112356,"令和6年度保育施設入所案内","https://www.city.fujimi.saitama.jp/kosodate_kyoiku/kosodate_oen/yochien_hoikusho/hoikusho/hoikusyonyusyo/index.files/r6nyuusyoannnai.pdf",82
"埼玉県三郷市",112372,"令和6年度保育利用希望申込みのてびき","https://www.city.misato.lg.jp/material/files/group/35/R6teiki.pdf",28
"千葉県千葉市",121002,"令和6年度保育園・認定こども園等利用（保育認定）のご案内","https://www.city.chiba.jp/kodomomirai/yojikyoiku/unei/documents/riyougoannai.pdf",20
"千葉県船橋市",122041,"船橋市保育所等利用のご案内","https://www.city.funabashi.lg.jp/kodomo/hoiku/002/p054970_d/fil/annnai.pdf",110
"千葉県市川市",122033,"保育施設利用のご案内（令和5年7月改訂版）","https://www.city.ichikawa.lg.jp/common/chi03/file/0000436951.pdf",79
"千葉県木更津市",122068,"令和6年度木更津市保育施設入園のご案内","https://www.city.kisarazu.lg.jp/_res/projects/default_project/_page_/001/000/905/panfuretto.pdf",31
"千葉県習志野市",122165,"令和6年度 認可保育施設入所・入園案内","https://www.city.narashino.lg.jp/material/files/group/136/R6-nyusyoannnai.pdf",28
"千葉県市原市",122190,"令和６年度 市原市 保育所（園）・認定こども園等利用案内","https://prdurbanosichapp1.blob.core.windows.net/common-article/60237a73ece4651c88c18b1d/%E3%80%90%E5%AD%A6%E5%9C%92%E5%BA%83%E5%A0%B4%E4%BF%AE%E6%AD%A3%E5%BE%8C%E3%80%91%E4%BB%A4%E5%92%8C6%E5%B9%B4%E5%BA%A6%E3%80%80%E5%B8%82%E5%8E%9F%E5%B8%82%E3%80%80%E4%BF%9D%E8%82%B2%E6%89%80%EF%BC%88%E5%9C%92%EF%BC%89%E3%83%BB%E8%AA%8D%E5%AE%9A%E3%81%93%E3%81%A9%E3%82%82%E5%9C%92%E7%AD%89%E5%88%A9%E7%94%A8%E6%A1%88%E5%86%85+%281%29.pdf",55
"千葉県八千代市",122211,"令和6年度保育園等利用案内","https://www.city.yachiyo.lg.jp/uploaded/attachment/25715.pdf",19
"千葉県浦安市",122271,"令和6年度保育園・認定こども園のご案内 ","https://www.city.urayasu.lg.jp/_res/projects/default_project/_page_/001/033/674/r6goannai.pdf",46
"千葉県印西市",122319,"令和6年度　保育園利用のご案内","https://www.city.inzai.lg.jp/kosodatenavi/cmsfiles/contents/0000016/16741/R6annai.pdf",33
"東京都千代田区",131016,"令和6年度保育園・こども園等の入園案内","https://www.city.chiyoda.lg.jp/documents/1346/r6nyuenannai.pdf",114
"東京都中央区",131024,"令和6年度保育園のごあんない","https://www.city.chuo.lg.jp/documents/4723/zenpe-zi_2.pdf",106
"東京都港区",131032,"保育園入園のごあんない（令和6年度版）","https://www.city.minato.tokyo.jp/hoikusien/documents/goannnai_r06.pdf",44
"東京都新宿区",131041,"新宿区認可保育園等申込みの手引き 【令和6年度版】","https://www.city.shinjuku.lg.jp/content/000381037.pdf",172
"東京都文京区",131059,"ぶんきょう保育パンフレット2024","https://www.city.bunkyo.lg.jp/var/rev0/0289/5892/pamhlet2024.pdf",70
"東京都台東区",131067,"「令和6年度 保育利用のご案内」パンフレット","https://www.city.taito.lg.jp/kosodatekyouiku/kosodate/mokutei/hoiku_youjikyouiku/hoikutakuji/hoikuen/hoikuennyuen/R6-4hoikuenmousikomi.files/hoikuriyou_6_1.pdf",44
"東京都墨田区",131075,"令和6年用 認可保育施設利用申込みのご案内","https://www.city.sumida.lg.jp/kosodate_kyouiku/kosodate_site/azukeru/hoikuen/nyuuen/riyou_annai/a.files/R6goannai.pdf",40
"東京都江東区",131083,"令和6年度江東区保育園等入園のしおり","https://www.city.koto.lg.jp/280308/documents/r6-siori.pdf",64
"東京都品川区",131091,"保育園のご案内（令和5年10月版）","https://www.city.shinagawa.tokyo.jp/ct/pdf/20220920192202_26.pdf",80
"東京都目黒区",131105,"令和6年度「保育施設利用のご案内」（令和6年4月から令和7年1月入所対象）","https://www.city.meguro.tokyo.jp/documents/3899/r512_r604hoikushisetsuriyoannai.pdf",71
"東京都大田区",131113,"入園申込みのしおり","https://www.city.ota.tokyo.jp/download/kodomo/hoikuen/shiori.files/R6nyuuennmousikominosiori.pdf",60
"東京都世田谷区",131121,"保育のごあんない（令和5年9月発行）","https://www.city.setagaya.lg.jp/mokuji/kodomo/003/001/001/d00005724_d/fil/goannai0409.pdf",124
"東京都渋谷区",131130,"渋谷区保育園入園のご案内（令和6年度版）","https://files.city.shibuya.tokyo.jp/assets/12995aba8b194961be709ba879857f70/420cc2134ee142fcb7244e587ef14379/nyuen_annai.pdf",48
"東京都中野区",131148,"中野区保育所等のごあんない","https://www.city.tokyo-nakano.lg.jp/kurashi/denshishinsei/kodomo/hoikuen/moshikomi-dl.files/goannai2023.pdf",29
"東京都杉並区",131156,"保育施設利用のご案内【令和5年11月13日更新】","https://www.city.suginami.tokyo.jp/guide/kosodate/navi/1019787.html",76
"東京都豊島区",131164,"令和6年度豊島区認可保育施設入園・転園・延長保育利用のしおり","https://www.city.toshima.lg.jp/260/kosodate/kosodate/hoikuen/nyuen/documents/r6-nyuuennoshiori.pdf",72
"東京都北区",131172,"令和6年度 保育利用案内（令和5年10月発行）（PDF：9,585KB）","https://www.city.kita.tokyo.jp/k-hoiku/kosodate/hoikuen/hoikuen/moshikomi/annai/documents/r6riyouannnai6.pdf",42
"東京都荒川区",131181,"令和6年度保育園入園のご案内","https://www.city.arakawa.tokyo.jp/documents/32051/r61017nyuenannai.pdf
https://www.city.arakawa.tokyo.jp/documents/32051/teiseibun.pdf
https://www.city.arakawa.tokyo.jp/documents/32051/hoikukanousu.pdf",0
"東京都板橋区",131199,"【全ページ】幼稚園・保育園のご案内～保育利用の手引～ ","https://www.city.itabashi.tokyo.jp/_res/projects/default_project/_page_/001/048/694/r6/all.pdf",152
"東京都練馬区",131202,"【令和6年度】保育利用のご案内","https://www.city.nerima.tokyo.jp/kosodatekyoiku/kodomo/hoiku/hoikuen/nyuuen/moushikomi/siori-sisetu.files/hoikuriyounogoannaiR6.pdf",60
"東京都足立区",131211,"令和６年度・保育施設利用申込案内","https://www.city.adachi.tokyo.jp/documents/33784/r6a_annai.pdf",64
"東京都葛飾区",131229,"令和6年度　保育施設利用申込案内","https://www.city.katsushika.lg.jp/_res/projects/default_project/_page_/001/033/443/r6_hoikushisetu_riyoumoshikomi.pdf",68
"東京都江戸川区",131237,"令和6年度入園のご案内","https://www.city.edogawa.tokyo.jp/documents/7343/r6guide.pdf",36
"東京都八王子市",132012,"令和6年度（2024年度）入園のしおり","https://kosodate.city.hachioji.tokyo.jp/material/files/group/3/R6_nyuen_shiori02.pdf",60
"東京都武蔵野市",132039,"令和6年度 保育施設のしおり","https://www.city.musashino.lg.jp/_res/projects/default_project/_page_/001/044/682/R6hoikusisetunosiori.pdf",110
"東京都三鷹市",132047,"令和６年度入所用学童保育所入所案内","https://www.city.mitaka.lg.jp/c_service/060/attached/attach_60938_1.pdf",40
"東京都府中市",132063,"令和6年度保育所等入所のしおり","https://www.city.fuchu.tokyo.jp/kosodate/shussan/hoikujo/siorikoukai.files/shioriR6-1.pdf",53
"東京都調布市",132080,"令和6年度調布市保育施設入園案内","https://www.city.chofu.tokyo.jp/www/contents/1692681395434/simple/R6annnai.pdf",47
"東京都町田市",132098,"2024年度入園のしおり（全文）","https://kosodate-machida.tokyo.jp/material/files/group/7/24siori-rink-zen.pdf",64
"東京都小金井市",132101,"小金井市 令和6年度保育施設等入所案内","https://www.city.koganei.lg.jp/kosodatekyoiku/hoikuen/hoiku-nyuusyo/4nyuusyo/nyuusyo.files/R6-0zentai.pdf",140
"東京都小平市",132110,"保育園入園のしおり【令和6年度版】","https://www.city.kodaira.tokyo.jp/kurashi/files/107617/107617/att_0000001.pdf",79
"東京都日野市",132128,"保育施設利用のしおり","https://www.city.hino.lg.jp/_res/projects/default_project/_page_/001/024/898/r6hyoushi.pdf
https://www.city.hino.lg.jp/_res/projects/default_project/_page_/001/024/898/r6honbun.pdf",0
"東京都国分寺市",132144,"令和6年度　国分寺市保育所等入所案内≪利用案内編≫ ","https://www.city.kokubunji.tokyo.jp/_res/projects/default_project/_page_/001/019/373/r6.pdf",55
"東京都国立市",132152,"令和6年度保育施設等入所のしおり","https://www.city.kunitachi.tokyo.jp/material/files/group/41/R6_hoikusiori_zenhan.pdf",28
"東京都狛江市",132195,"令和6年度入園のしおり","https://www.city.komae.tokyo.jp/index.cfm/41,130182,c,html/130182/20231012-160114.pdf",97
"東京都西東京市",132292,"令和６年度 西東京市 保育施設 入園のご案内","https://www.city.nishitokyo.lg.jp/kosodate/hoikuen/hoikusabisu/R6hoikuennnyuuennmousikomi.files/R6nyuuennannnai.pdf",47
"東京都多摩市",132241,"令和6年(2024)年度多摩市保育所等入所のしおり","https://www.city.tama.lg.jp/_res/projects/default_project/_page_/001/012/505/R6siori.pdf",96
"東京都稲城市",132250,"令和6年度版　保育所等利用のしおり","http://www.city.inagi.tokyo.jp/shinseisho/soshikibetsu/kodomofukushibu/kosodatesien/hoikusyokankei.files/01R6shiori.pdf",38
"神奈川県横浜市",141003,"令和6年度　横浜市保育所等利用案内","https://www.city.yokohama.lg.jp/kurashi/kosodate-kyoiku/hoiku-yoji/shisetsu/hoikuriyou/r6hoikuriyou.files/r6hoikusyoriyouannai.pdf",40
"神奈川県川崎市",141305,"令和６年度　保育所等・幼稚園・認定こども園　利用案内","https://www.city.kawasaki.jp/450/cmsfiles/contents/0000153/153863/R6riyouannai.pdf",64
"神奈川県相模原市",141500,"令和6年度認定こども園・保育所等施設利用申込みのご案内","https://www.city.sagamihara.kanagawa.jp/_res/projects/default_project/_page_/001/006/704/r06_syorui/00.pdf",26
"神奈川県相模原市",141500,"令和6年度認定こども園・保育所等施設利用申込みのご案内","https://www.city.sagamihara.kanagawa.jp/_res/projects/default_project/_page_/001/006/704/r06_syorui/00.pdf",26
"神奈川県鎌倉市",142042,"令和6年度保育所等の入所申込のしおり","https://www.city.kamakura.kanagawa.jp/hoiku/documents/r6nyuushomoushikomishiori.pdf",34
"神奈川県藤沢市",142051,"令和６年度ふじさわ認可保育施設申込ナビ","https://www.city.fujisawa.kanagawa.jp/hoiku/kenko/kosodate/hoikuen/documents/00navi6.pdf",47
"神奈川県伊勢原市",142140,"保育・教育施設利用ガイドブック　令和5年9月改訂","https://www.city.isehara.kanagawa.jp/docs/2016072900023/file_contents/R6guidebook.pdf",43
"神奈川県座間市",142166,"保育所等利用申込みの御案内","https://www.city.zama.kanagawa.jp/_res/projects/default_project/_page_/001/008/962/2024_3.pdf",36
"新潟県新潟市",151009,"令和６年度４月入園のてびき","https://www.city.niigata.lg.jp/kosodate/ninshin/life_stage/azuketai/ninnkahoikushisetsu/R6_04nyuen.files/R6_tebiki.pdf",40
"富山県富山市",162019,"令和６年度入所用 富山市保育所等入所のご案内","https://ikusapotoyama.city.toyama.lg.jp/lgarticle/file?file=14838_R6nyusyo.pdf",54
"石川県金沢市",172014,"-","",0
"福井県福井市",182010,"令和６年度 新規入園に係る申請手続きについて","https://kosodate-web.com/wada/files/ph477901002.pdf?1698187657",2
"山梨県甲府市",192015,"-","",0
"長野県長野市",202011,"令和6年度保育利用版利用のご案内","https://www.city.nagano.nagano.jp/documents/14131/hoiku2024-2.pdf",36
"岐阜県岐阜市",212016,"令和6年度保育所・認定こども園等入所あんない","https://www.city.gifu.lg.jp/_res/projects/default_project/_page_/001/012/413/nyusyoannai.pdf",46
"静岡県静岡市",221007,"令和6年度 2024年度 認定こども園・保育園 小規模保育施設・事業所内保育施設 入園申込みのしおり
","https://www.city.shizuoka.lg.jp/000991226.pdf",8
"静岡県浜松市",221309,"令和6年度認可保育施設利用案内","https://www.hamamatsu-pippi.net/fs/1/0/6/7/8/6/_/R6_riyoannai.pdf",70
"愛知県名古屋市",231002,"令和6年度利用のご案内","https://www.city.nagoya.jp/kodomoseishonen/cmsfiles/contents/0000133/133178/r6goannnai.pdf",28
"三重県津市",242012,"令和6年度保育所等利用のご案内","https://www.info.city.tsu.mie.jp/www/contents/1001000008114/simple/R6nyuusyoannnai.pdf",27
"滋賀県大津市",252018,"令和6年度　保育所・認定こども園・地域型保育施設　利用申込の手引き","https://www.city.otsu.lg.jp/material/files/group/10/R6nyusho_tebiki20230915.pdf",36
"滋賀県守山市",252077,"令和６年度 保育所入所のしおり","https://www.city.moriyama.lg.jp/_res/projects/default_project/_page_/001/002/344/shiori1_23.pdf",25
"滋賀県栗東市",252085,"令和6年度入園案内","https://www.city.ritto.lg.jp/material/files/group/27/20230825R6nyuuennannnai.pdf",44
"京都府京都市",261009,"令和6年度保育利用申込みの御案内","https://www.city.kyoto.lg.jp/hagukumi/cmsfiles/contents/0000274/274712/R604annai.pdf",20
"京都府向日市",262081,"令和6年度保育所等入所申込みのしおり","https://www.city.muko.kyoto.jp/ikkrwebBrowse/material/files/group/19/nyusyosiori6.pdf",24
"大阪府大阪市",271004,"令和6年度　保育施設・保育事業利用の案内","https://www.city.osaka.lg.jp/kodomo/cmsfiles/contents/0000605/605326/01annnai.pdf",28
"大阪府堺市",271403,"令和6年度　利用のご案内","https://www.city.sakai.lg.jp/kosodate/hughug/hoiku/moushikomi/r6/r6riyouannnaihaifu.files/R6riyouannnai.pdf",72
"大阪府東大阪市",272272,"令和6年度 保育所等申込のてびき","https://www.city.higashiosaka.lg.jp/kosodate/cmsfiles/contents/0000028/28302/1201tebiki.pdf",22
"大阪府吹田市",272051,"令和6年度保育所等利用申込案内","https://www.city.suita.osaka.jp/_res/projects/default_project/_page_/001/023/914/R6annai2.pdf",36
"兵庫県神戸市",281000,"2024年度（令和6年度）幼稚園・保育所・認定こども園等利用ガイド","https://www.city.kobe.lg.jp/documents/3442/r6_riyougaido.pdf",7
"兵庫県姫路市",282014,"令和6年度　教育・保育施設利用のてびき","https://www.city.himeji.lg.jp/bousai/cmsfiles/contents/0000025/25301/6tebiki.pdf",52
"兵庫県西宮市",282049,"保育所・認定こども園・地域型保育事業所（2号・3号認定）の利用申込案内","https://www.nishi.or.jp/kosodate/hoikujo/hoikujo/riyotetsuzuki/moshikomi.files/R6_riyoumousikomiannai.pdf",8
"兵庫県明石市",282031,"2024年度明石市保育施設利用のしおり","https://www.city.akashi.lg.jp/kodomo/ikusei_shitsu/kodomo-kyoiku/kosodate/hoikujo/documents/2024hoikushisetsunoshiori2.pdf",44
"兵庫県尼崎市",282022,"令和6年度4月入所保育施設等の利用申込みのご案内とLINE予約説明書","https://www.city.amagasaki.hyogo.jp/_res/projects/default_project/_page_/001/034/793/annai.line.pdf",4
"兵庫県宝塚市",282146,"保育施設利用のご案内","https://www.city.takarazuka.hyogo.jp/_res/projects/default_project/_page_/001/027/922/20240325_sassi.pdf",50
"奈良県奈良市",292010,"入園のしおり（奈良市）","https://www.city.nara.lg.jp/uploaded/attachment/169765.pdf",36
"奈良県生駒市",292095,"令和6年生駒市保育所等入所案内（2.3号認定用）","https://www.city.ikoma.lg.jp/cmsfiles/contents/0000033/33445/annai.pdf",52
"和歌山県和歌山市",302015,"令和6年度 保育所・認定こども園（保育部分） 利用申込ご案内","https://www.city.wakayama.wakayama.jp/_res/projects/default_project/_page_/001/001/801/2024riyouannai.pdf",12
"鳥取県鳥取市",312011,"令和6年度保育所入所案内","https://www.city.tottori.lg.jp/www/contents/1695615534786/simple/nyuusyoannnai.pdf",9
"島根県松江市",322016,"【令和6年度】保育所等入所のてびき","https://www.city.matsue.lg.jp/material/files/group/131/R6tebiki1.pdf",28
"岡山県岡山市",331007,"令和6年度保育利用ガイド","https://www.city.okayama.jp/kurashi/cmsfiles/contents/0000012/13000/R06hoikugaido1k.pdf
https://www.city.okayama.jp/kurashi/cmsfiles/contents/0000012/13000/R06hoikugaido2k.pdf
https://www.city.okayama.jp/kurashi/cmsfiles/contents/0000012/13000/R06hoikugaido3k.pdf",0
"岡山県倉敷市",332020,"令和6年度子どものための教育・保育給付認定申請及び特定教育・保育施設等利用申込み案内","https://www.city.kurashiki.okayama.jp/secure/109707/R6annai.pdf",39
"広島県広島市",341002,"保育園等のごあんない","https://www.city.hiroshima.lg.jp/uploaded/attachment/224696.pdf",4
"広島県東広島市",342122,"保育施設利用申込案内～令和６年度版～ ","https://www.city.higashihiroshima.lg.jp/material/files/group/37/reiwa6nendohoikusa-bisunogoannnai.pdf",12
"山口県山口市",352039,"令和6年度保育施設入園のご案内","https://www.city.yamaguchi.lg.jp/uploaded/attachment/90298.pdf",32
"徳島県徳島市",362018,"令和6年度　保育所等　利用申込のてびき（保育所部分（2・3 号認定）新規申込用）","https://www.city.tokushima.tokushima.jp/kosodate/youchien_hoikujo/hoikusho_n-kodomoen/R06_hoiku_moushikomi.files/R06_tebiki_hoiku23.pdf",44
"香川県高松市",372013,"令和6年度幼稚園・保育施設等利用案内","https://www.city.takamatsu.kagawa.jp/kurashi/kosodate/youchien_hoiku/kodomoen/hoiku/h29riyou.files/R6riyouannaih1p51.pdf
https://www.city.takamatsu.kagawa.jp/kurashi/kosodate/youchien_hoiku/kodomoen/hoiku/h29riyou.files/R6riyouannaip52h4.pdf",0
"愛媛県松山市",382019,"令和6年度入園のてびき","https://www.city.matsuyama.ehime.jp/kurashi/kosodate/boshi/R2nen4gatsu-shinki/202504nyuuenn.files/20231201.pdf",34
"高知県高知市",392014,"令和6年度高知市保育施設入所申込案内","https://www.city.kochi.kochi.jp/uploaded/attachment/138912.pdf",64
"福岡県北九州市",401005,"令和6年度 保育の利用のごあんない","https://www.city.kitakyushu.lg.jp/files/000999640.pdf
https://www.city.kitakyushu.lg.jp/files/000999633.pdf
https://www.city.kitakyushu.lg.jp/files/000999645.pdf
https://www.city.kitakyushu.lg.jp/files/000999634.pdf
https://www.city.kitakyushu.lg.jp/files/000999635.pdf
https://www.city.kitakyushu.lg.jp/files/000999636.pdf
https://www.city.kitakyushu.lg.jp/files/000999641.pdf
https://www.city.kitakyushu.lg.jp/files/000999637.pdf
https://www.city.kitakyushu.lg.jp/files/000999642.pdf
https://www.city.kitakyushu.lg.jp/files/000999643.pdf
https://www.city.kitakyushu.lg.jp/files/000999638.pdf
https://www.city.kitakyushu.lg.jp/files/000999639.pdf",0
"福岡県福岡市",401307,"令和６年度福岡市保育施設等利用のご案内","https://www.city.fukuoka.lg.jp/data/open/cnt/3/113856/1/0.R6hoikushiseturiyouannai.pdf?20231116142743",52
"福岡県筑紫野市",402176,"令和6年度保育所入所申込説明書","https://www.city.chikushino.fukuoka.jp/uploaded/attachment/19776.pdf",12
"福岡県春日市",402184,"令和6年度かすが保育ガイド","https://www.city.kasuga.fukuoka.jp/_res/projects/default_project/_page_/001/001/522/r6gaido.pdf",60
"福岡県大野城市",402192,"令和6年度大野城市保育所ガイド","https://www.city.onojo.fukuoka.jp/kosodate/k006/010/060/010/010/060/R61116.pdf",79
"福岡県太宰府市",402214,"太宰府市認可保育施設 入所案内 －令和６年度版－ ","https://www.city.dazaifu.lg.jp/uploaded/attachment/19262.pdf",14
"福岡県志免町",403431,"令和6年度 志免町保育施設等利用申し込み案内","https://www.town.shime.lg.jp/uploaded/attachment/22659.pdf",4
"福岡県粕屋町",403491,"令和６年度 粕屋町認可保育施設 利用申込案内","http://form.town.kasuya.fukuoka.jp/kosodate/s019/060/010/010/170/riyouannnai.pdf",22
"佐賀県佐賀市",412015,"令和6年度 利用申込支給認定申請（2.3号認定）のてびき","https://www.city.saga.lg.jp/site_files/file/2023/202309/p1hba0bhash6u4bp1schmm6pa54.pdf",16
"長崎県長崎市",422011,"令和６年度 保育所・認定こども園等利用のしおり ","https://ekao-ng.jp/wp-content/uploads/2023/10/冊子%E3%80%80令和6年度利用のしおり.pdf",27
"長崎県大村市",422053,"保育所等への入所手続のしおり","https://www.city.omura.nagasaki.jp/kyouikuhoiku/kenko/kosodate/hoikujo/nyusyo/documents/r6hoikusyotouhenonyuusyotetsudukinoshiori.pdf",4
"熊本県熊本市",431001,"令和６年度（2024年度）熊本市保育所等申込案内","https://www.city.kumamoto.jp/common/UploadFileDsp.aspx?c_id=5&id=50755&sub_id=1&flid=365554",24
"熊本県菊陽町",434043,"令和5年度菊陽町保育所等入所案内（随時選考）","https://www.town.kikuyo.lg.jp/kiji0031121/3_1121_11538_up_rt1hnjg6.pdf",2
"大分県大分市",442011,"教育・保育給付認定（2号・3号）兼保育施設入所申込のてびき","https://www.city.oita.oita.jp/o253/kosodate/hoiku/documents/20230401kyouikuhoikukyuuhuninteisinseinotebiki1gou.pdf",2
"宮崎県宮崎市",452017,"令和 6 年度版　宮崎市教育・保育施設利用ガイド","https://www.city.miyazaki.miyazaki.jp/fs/7/7/6/4/6/8/_/776468.pdf",62
"鹿児島県鹿児島市",462012,"令和6年度鹿児島市認可保育所等利用申込案内","https://www.city.kagoshima.lg.jp/kosodate/hoiku/kosodate/kosodate/hoikusho/hoikusho/h30hoiku/documents/r6mousikomiannaino2.pdf",40
"鹿児島県姶良市",462250,"令和6年度保育所等入所申込み案内","http://www.city.aira.lg.jp/kosodate/kurashi/ikuji/hoikuen/documents/01annai-r6.pdf",20
"沖縄県那覇市",472018,"令和6年度認可保育園・認定こども園入園申込みのご案内","https://www.city.naha.okinawa.jp/child/hoikuen/ninteikodomoen/R6hoikuen_moushikomi.files/R6.10.23honnbunn.pdf",58
"沖縄県宜野湾市",472051,"令和6年4月宜野湾市認可保育施設一斉入所のご案内","https://www.city.ginowan.lg.jp/material/files/group/21/r6annaipanfuretto.pdf",43
"沖縄県浦添市",472085,"入所案内（１号・２号・３号共通パンフレット）","https://prdurbanosursapp1.blob.core.windows.net/common-article/62e73d58cfb333550bfdffb7/%E4%BB%A4%E5%92%8C6%E5%B9%B4%E5%BA%A6%E6%B5%A6%E6%B7%BB%E5%B8%82%E8%AA%8D%E5%AE%9A%E3%81%93%E3%81%A9%E3%82%82%E5%9C%92%E4%BF%9D%E8%82%B2%E6%89%80%E7%AD%89%E5%85%A5%E5%9C%92%E6%A1%88%E5%86%85.pdf",24
"沖縄県沖縄市",472115,"令和６年度 保育所等及び市立幼稚園入園案内","https://www.city.okinawa.okinawa.jp/documents/19253/nyusyoannai.pdf",56
"沖縄県豊見城市",472123,"令和6年度 豊見城市認定こども園・保育園等利用申込みのご案内","https://www.city.tomigusuku.lg.jp/material/files/group/22/R6_sinnkiannnaisassi.pdf",46
"沖縄県うるま市",472131,"令和６年度　保育施設等　入所案内","https://www.city.uruma.lg.jp/documents/2929/29504nyuusyoannai28229.pdf",26
"沖縄県南城市",472158,"令和6年度(2024年度) 認定こども園・保育所等入所案内","https://www.city.nanjo.okinawa.jp/userfiles/files/0_boshuannai.pdf",44
"沖縄県北中城村",473278,"令和6年度北中城村保育施設入所案内","https://www.vill.kitanakagusuku.lg.jp/material/files/group/56/R6pamphlet.pdf",8
"沖縄県西原町",473294,"令和6年度 西原町内保育所等入所案内","http://www.town.nishihara.okinawa.jp/kosodateguide/03/pdf/r6/PDF1.pdf",12
"沖縄県南風原町",473502,"R6入所のしおり","https://www.town.haebaru.lg.jp/docs/2023100600077/files/R6shiori.pdf",24
"沖縄県八重瀬町",473626,"令和6年度八重瀬町認可保育園・こども園募集案内","https://www.town.yaese.lg.jp/docs/2023092200019/file_contents/6.pdf",44
"埼玉県熊谷市",112020,"令和６年度　熊谷市内  保育所（園）・認定こども園（保育利用） ・地域型保育施設入所のご案内","https://www.city.kumagaya.lg.jp/kosodate/kodomoshisetsu/hoikunyusyo/20210705125810966.files/R6.4sinseiannai.pdf",9
"埼玉県行田市",112062,"令和６年度保育所等入所のしおり","https://www.city.gyoda.lg.jp/material/files/group/22/41.pdf
https://www.city.gyoda.lg.jp/material/files/group/22/42.pdf
https://www.city.gyoda.lg.jp/material/files/group/22/43.pdf
https://www.city.gyoda.lg.jp/material/files/group/22/44.pdf
https://www.city.gyoda.lg.jp/material/files/group/22/45.pdf
https://www.city.gyoda.lg.jp/material/files/group/22/46.pdf
https://www.city.gyoda.lg.jp/material/files/group/22/47.pdf
https://www.city.gyoda.lg.jp/material/files/group/22/48.pdf
https://www.city.gyoda.lg.jp/material/files/group/22/49.pdf
https://www.city.gyoda.lg.jp/material/files/group/22/410.pdf
https://www.city.gyoda.lg.jp/material/files/group/22/411.pdf
https://www.city.gyoda.lg.jp/material/files/group/22/412.pdf
https://www.city.gyoda.lg.jp/material/files/group/22/413.pdf",0
"埼玉県秩父市",112071,"令和6年度申込のてびき","https://www.city.chichibu.lg.jp/secure/23763/R6.nyusho_tebiki.pdf",15
"埼玉県所沢市",112089,"令和6年度 入園のしおり(R5.10更新)","https://www.city.tokorozawa.saitama.jp/kosodatekyouiku/hoikuen/hoiku-r6.files/R6nyuuennosiori.pdf",46
"埼玉県飯能市",112097,"令和6年度 保育所(園)等利用のご案内","https://www.city.hanno.lg.jp/material/files/group/29/r6_hoikushotouriyouannai.pdf",28
"埼玉県加須市",112101,"令和6年度保育所・認定こども園入所案内","https://www.city.kazo.lg.jp/material/files/group/25/1f.pdf",17
"埼玉県本庄市",112119,"令和6年度保育施設利用申込みの手引き","https://www.city.honjo.lg.jp/material/files/group/50/R6tebiki.pdf",14
"埼玉県東松山市",112127,"令和６年度 東松山市 保育施設利用の手引き","https://www.city.higashimatsuyama.lg.jp/uploaded/attachment/8511.pdf",34
"埼玉県春日部市",112143,"保育施設等のご案内（令和６年度版）","https://www.city.kasukabe.lg.jp/material/files/group/27/R6anai.pdf",40
"埼玉県羽生市",112160,"令和６年度（2024 年度）保育所等入所の手引き","https://www.city.hanyu.lg.jp/docs/2022092700079/file_contents/1R6.pdf",16
"埼玉県鴻巣市",112178,"令和6年度保育施設入所案内","https://www.city.kounosu.saitama.jp/uploaded/attachment/14046.pdf",59
"埼玉県深谷市",112186,"令和6年度保育園・認定こども園・小規模保育室 入園手引き","https://www.city.fukaya.saitama.jp/material/files/group/32/R6tebiki.pdf",4
"埼玉県上尾市",112194,"令和6年度　保育施設入所申し込みの手引き","https://www.city.ageo.lg.jp/uploaded/attachment/96235.pdf",42
"埼玉県草加市",112216,"令和6（2024）年度保育所等入園案内","https://www.city.soka.saitama.jp/cont/s1603/020/010/010/010/r6-00-nyuen-annai.pdf",24
"埼玉県越谷市",112224,"【令和6年度用】保育施設・幼稚園等のご案内","https://www.city.koshigaya.saitama.jp/kurashi_shisei/kosodate/hoikusho/files/R6annai.pdf",40
"埼玉県蕨市",112232,"令和6年度保育園入園のてびき","https://www.city.warabi.saitama.jp/_res/projects/default_project/_page_/001/010/005/r6tebiki_5051025teisei.pdf",32
"埼玉県戸田市",112241,"2024年度(令和6年度)保育施設等入所のてびき","https://www.city.toda.saitama.jp/uploaded/attachment/63201.pdf",24
"埼玉県入間市",112259,"令和6年度入間市保育施設等申込みの手引き ","https://www.city.iruma.saitama.jp/material/files/group/34/r6tebiki2.pdf",33
"埼玉県桶川市",112313,"令和6年度4月保育施設入所のてびき","https://www.city.okegawa.lg.jp/material/files/group/25/r6tebiki.pdf",28
"埼玉県久喜市",112321,"令和6年度 保育所等利用手続きのご案内","https://www.city.kuki.lg.jp/kosodate/hoikusho/hoiku/hoikusho_shinsei.files/01_R6annnai2-3gou.pdf",40
"埼玉県北本市",112330,"令和6年度北本市保育施設利用案内","https://www.city.kitamoto.lg.jp/material/files/group/24/R6riyouannaidai4ban.pdf",20
"埼玉県八潮市",112348,"令和6年度　保育のしおり","https://www.city.yashio.lg.jp/kosodate/kosodate/hoikujo/r6_shinsei.files/r6_shiori1012.pdf",30
"埼玉県蓮田市",112381,"令和6年度保育所等利用入所申込みの手引き","https://www.city.hasuda.saitama.jp/kodomo/kosodate/hoikuen/nyuen/documents/r6tebikiverr51001.pdf",30
"埼玉県坂戸市",112399,"令和6年度 保育所入所等申込みのてびき","https://www.city.kitamoto.lg.jp/material/files/group/24/R6riyouannaidai4ban.pdf",20
"埼玉県幸手市",112402,"保育施設入所の手引き","https://www.city.satte.lg.jp/material/files/group/40/R6sattehoikusyonyusyonotebiki.pdf",31
"埼玉県鶴ヶ島市",112411,"令和6年度用保育所入所のしおり","https://www.city.tsurugashima.lg.jp/data/doc/1662625464_doc_1135_0.pdf",40
"埼玉県日高市",112429,"令和6年度 保育のご案内","https://www.city.hidaka.lg.jp/material/files/group/18/R6hoikunogoannai.pdf",16
"埼玉県吉川市",112437,"令和6年度  保育施設利用のご案内","https://www.city.yoshikawa.saitama.jp/index.cfm/25,101679,c,html/101679/20230830-200548.pdf",40
"埼玉県ふじみ野市",112453,"令和6年度ふじみ野市保育所利用のご案内","https://www.city.fujimino.saitama.jp/material/files/group/26/r6hoikusyoriyounogoannai.pdf",4
"埼玉県白岡市",112461,"保育所入所のご案内(令和6年度版)","https://www.city.shiraoka.lg.jp/material/files/group/41/R6_1-25_annai.pdf",26
"千葉県銚子市",122025,"令和6年度　保育所（園）・認定こども園　新規入所（園）案内","https://www.city.choshi.chiba.jp/content/000020826.pdf",14
"千葉県館山市",122050,"-","",0
"千葉県松戸市",122076,"令和6年度松戸市保育所（園）利用申込案内","https://www.city.matsudo.chiba.jp/kosodate/matsudodekosodate/kosodatenavi/hoikuenyouchien/shinseisho.files/R6_moushikomiannai_20231201.pdf",27
"千葉県野田市",122084,"2024年度（令和6年度）保育所等入所案内","https://www.city.noda.chiba.jp/_res/projects/default_project/_page_/001/009/310/2024nyuusyoannai.pdf",24
"千葉県茂原市",122106,"R6年度保育所（園）等利用申込案内","https://www.city.mobara.chiba.jp/cmsfiles/contents/0000006/6118/R6riyouannai.pdf",26
"千葉県成田市",122114,"令和6年度 保育所等利用のしおり","https://www.city.narita.chiba.jp/content/000102911.pdf",27
"千葉県佐倉市",122122,"令和6年度保育施設利用のご案内","https://www.city.sakura.lg.jp/material/files/group/22/R6_annai.pdf",47
"千葉県東金市",122131,"とうがね保育ガイドすてっぷ ","https://www.city.togane.chiba.jp/cmsfiles/contents/0000008/8744/R6newstep.pdf",22
"千葉県旭市",122157,"令和6年度 保育所等利用のご案内","https://www.city.asahi.lg.jp/uploaded/attachment/23560.pdf",23
"千葉県柏市",122173,"柏市令和6年度保育園等利用申込みのご案内","https://www.city.kashiwa.lg.jp/documents/36298/0604hoikuenriyouannai.pdf",26
"千葉県勝浦市",122181,"令和６年度勝浦町保育所（園）等利用申し込みのてびき","http://www.town.katsuura.lg.jp/docs/2023112000025/file_contents/tebiki.pdf",18
"千葉県流山市",122203,"令和6年度流山市認可保育施設入所案内 ","https://www.city.nagareyama.chiba.jp/_res/projects/default_project/_page_/001/043/136/r6nyuusyoannnai3.pdf",26
"千葉県我孫子市",122220,"令和6年度 保育園等4月入園のご案内","https://www.city.abiko.chiba.jp/kosodate/children/preschool/nursery/vacancy/nyuuennmousikomi.files/annai6.pdf",20
"千葉県鴨川市",122238,"令和6年度入園のしおり","https://www.city.kamogawa.lg.jp/uploaded/attachment/14767.pdf",16
"千葉県鎌ケ谷市",122246,"令和6年度保育園等利用申込みのご案内","https://www.city.kamagaya.chiba.jp/download_menu/hoiku.files/r6riyouannnai.pdf",22
"千葉県君津市",122254,"令和6年度分　入園案内 ","https://www.city.kimitsu.lg.jp/uploaded/attachment/43917.pdf",4
"千葉県富津市",122262,"申請手続きフローチャート","https://www.city.futtsu.lg.jp/cmsfiles/contents/0000000/315/moushikomifuro.pdf",1
"千葉県四街道市",122289,"令和６年度　保育所等利用のしおり","https://www.city.yotsukaido.chiba.jp/kosodate/hoiku/hoikusyoinfo/r6nyuushoannnai.files/shiori.pdf",31
"千葉県袖ケ浦市",122297,"令和6年度保育所（園）等入所案内","https://www.city.sodegaura.lg.jp/uploaded/attachment/34373.pdf",35
"千葉県八街市",122301,"令和6年度 保育所等申し込みのご案内","https://www.city.yachimata.lg.jp/uploaded/attachment/20114.pdf",22
"千葉県白井市",122327,"令和5・6年度 保育所等利用のご案内（令和5年10月版）","https://www.city.shiroi.chiba.jp/material/files/group/15/hoikuriyouannnai.pdf",38
"千葉県富里市",122335,"令和6年度こども園・保育園入園のご案内","https://www.city.tomisato.lg.jp/cmsfiles/contents/0000014/14706/reiwa6nenndo_nyuuennnogoannnai.pdf",44
"千葉県南房総市",122343,"令和6年度保育所等入所のご案内","https://www.city.minamiboso.chiba.jp/cmsfiles/contents/0000006/6900/00annai.pdf",10
"千葉県匝瑳市",122351,"令和6年度保育所等利用申込のご案内","https://www.city.sosa.lg.jp/data/doc/1697716254_doc_163_0.pdf",7
"千葉県香取市",122360,"令和6年度　保育所（園）・認定こども園入所のご案内","https://www.city.katori.lg.jp/kosodate/hoikujo_yochien/hoikusyo_shinseisyo.files/R06_nyuusyonogoannnai.pdf",4
"千葉県山武市",122378,"令和6年度こども園・幼稚園・保育園等入園のご案内","https://www.city.sammu.lg.jp/data/doc/1698365823_doc_71_0.pdf",38
"千葉県いすみ市",122386,"該当なし","",0
"千葉県大網白里市",122394,"保育施設利用のご案内","https://www.city.oamishirasato.lg.jp/cmsfiles/contents/0000013/13326/6riyouannnai.pdf",13
"東京都立川市",132021,"令和6年度立川市保育施設利用申込みのしおり","https://www.city.tachikawa.lg.jp/hoiku/documents/r6siori.pdf",24
"東京都青梅市",132055,"令和6年度保育所等利用のご案内","https://www.city.ome.tokyo.jp/uploaded/attachment/52628.pdf",54
"東京都昭島市",132071,"令和6年度入所のしおり","https://www.city.akishima.lg.jp/s058/010/010/010/2015/2024/R6nyuushonosiori.pdf",44
"東京都東村山市",132136,"幼稚園・認定こども園ガイド","https://www.city.higashimurayama.tokyo.jp/dl/kodomo/hoiku_download.files/youchien.pdf",12
"東京都福生市",132187,"令和6年度保育園入園のしおり ","https://www.city.fussa.tokyo.jp/_res/projects/default_project/_page_/001/002/584/r6shiori1013.pdf",28
"東京都東大和市",132209,"令和6年度（2024年度）保育施設入園案内","https://www.city.higashiyamato.lg.jp/_res/projects/default_project/_page_/001/003/272/20230926-3.pdf",46
"東京都清瀬市",132217,"令和6年度保育園等入園のしおり","https://www.city.kiyose.lg.jp/_res/projects/default_project/_page_/001/012/890/r6nyuennosiori20231107teisei.pdf",52
"東京都東久留米市",132225,"入園のしおり（令和6年度）","https://www.city.higashikurume.lg.jp/_res/projects/default_project/_page_/001/001/551/r6shiori2.pdf",49
"東京都武蔵村山市",132233,"令和6年度版保育所等入所のしおり","https://www.city.musashimurayama.lg.jp/_res/projects/default_project/_page_/001/013/117/r6_shiori2.pdf",27
"東京都羽村市",132276,"羽村市令和6年度保育園・幼稚園等ガイドブック","https://www.city.hamura.tokyo.jp/cmsfiles/contents/0000018/18137/guidebook.pdf",44
"東京都あきる野市",132284,"令和6年度保育施設入所のしおり","https://www.city.akiruno.tokyo.jp/cmsfiles/contents/0000006/6055/6shiori.pdf",36
"神奈川県横須賀市",142018,"令和6年度横須賀市保育所・認定こども園(保育利用）等の利用案内","https://www.city.yokosuka.kanagawa.jp/2645/documents/202404_nyuenannai.pdf",20
"神奈川県平塚市",142034,"令和６年度 平塚市保育所等利用案内","https://www.city.hiratsuka.kanagawa.jp/common/200143371.pdf",42
"神奈川県小田原市",142069,"令和6年度保育所等利用の手引き","https://www.city.odawara.kanagawa.jp/global-image/units/595454/1-20230914200222_b6502e83ec2c61.pdf",28
"神奈川県茅ヶ崎市",142077,"保育所等のしおり","https://www.city.chigasaki.kanagawa.jp/_res/projects/default_project/_page_/001/004/730/shiori_20230911.pdf",46
"神奈川県逗子市",142085,"利用案内(令和6年度(2024年度)保育所等入園のしおり) ","https://www.city.zushi.kanagawa.jp/_res/projects/default_project/_page_/001/009/308/5051004.pdf",48
"神奈川県三浦市",142107,"令和6年度保育所等入所案内","https://www.city.miura.kanagawa.jp/material/files/group/31/02_R6nyuusyoannnai.pdf",2
"神奈川県秦野市",142115,"令和6年度保育所等利用案内","https://www.city.hadano.kanagawa.jp/www/contents/1538046444946/simple/r6_riyouannai.pdf",24
"神奈川県厚木市",142123,"保育のしおり（令和5年10月発行）","https://www.city.atsugi.kanagawa.jp/material/files/group/26/0604_hoiku_shiori.pdf",54
"神奈川県大和市",142131,"令和 6 年度 教育・保育施設等利用ガイド","https://www.city.yamato.lg.jp/section/ehon_no_machi/public/download/202310_riyouguide.pdf",40
"神奈川県海老名市",142158,"令和6年度保育所のしおり","https://www.city.ebina.kanagawa.jp/_res/projects/default_project/_page_/001/014/770/reiwarokunendosiori.pdf",64
"神奈川県南足柄市",142174,"令和６年度南足柄市保育所等の利用のご案内","https://www.city.minamiashigara.kanagawa.jp/global-image/units/166820/1-20230927153430.pdf",16
"神奈川県綾瀬市",142182,"令和6年度保育所等利用のご案内","https://www.city.ayase.kanagawa.jp/material/files/group/24/06_hoikuzyotouriyounogoannnai.pdf",44
